{
    "created_at": "2020-08-06T05:42:16.972Z",
    "updated_at": "2020-08-06T14:22:21.500Z",
    "title": "Blogs",
    "uid": "blogs",
    "_version": 10,
    "inbuilt_class": false,
    "schema": [
        {
            "display_name": "Title",
            "uid": "title",
            "data_type": "text",
            "mandatory": true,
            "unique": true,
            "field_metadata": {
                "_default": true,
                "version": 3
            },
            "multiple": false,
            "non_localizable": false
        },
        {
            "display_name": "URL",
            "uid": "url",
            "data_type": "text",
            "mandatory": false,
            "field_metadata": {
                "_default": true,
                "version": 3
            },
            "multiple": false,
            "unique": false,
            "non_localizable": false
        },
        {
            "data_type": "blocks",
            "display_name": "Banner section",
            "blocks": [
                {
                    "title": "Banner content",
                    "uid": "banner_content",
                    "schema": [
                        {
                            "data_type": "group",
                            "display_name": "Banner group",
                            "field_metadata": {},
                            "schema": [
                                {
                                    "data_type": "text",
                                    "display_name": "heading",
                                    "uid": "heading",
                                    "field_metadata": {
                                        "description": "",
                                        "default_value": "",
                                        "version": 3
                                    },
                                    "format": "",
                                    "error_messages": {
                                        "format": ""
                                    },
                                    "non_localizable": false,
                                    "multiple": false,
                                    "mandatory": false,
                                    "unique": false
                                },
                                {
                                    "data_type": "file",
                                    "display_name": "banner image",
                                    "uid": "banner_image",
                                    "extensions": [],
                                    "field_metadata": {
                                        "description": "",
                                        "rich_text_type": "standard"
                                    },
                                    "non_localizable": false,
                                    "multiple": false,
                                    "mandatory": false,
                                    "unique": false
                                }
                            ],
                            "uid": "banner_gourp",
                            "non_localizable": false,
                            "multiple": false,
                            "mandatory": false,
                            "unique": false
                        }
                    ]
                }
            ],
            "multiple": true,
            "uid": "banner_section",
            "field_metadata": {},
            "mandatory": false,
            "unique": false,
            "non_localizable": false
        },
        {
            "data_type": "blocks",
            "display_name": "Modular Blocks",
            "blocks": [
                {
                    "title": "Blog list",
                    "uid": "blog_list",
                    "schema": [
                        {
                            "data_type": "file",
                            "display_name": "Image",
                            "uid": "image",
                            "extensions": [],
                            "field_metadata": {
                                "description": "",
                                "rich_text_type": "standard"
                            },
                            "non_localizable": false,
                            "multiple": false,
                            "mandatory": false,
                            "unique": false
                        },
                        {
                            "data_type": "text",
                            "display_name": "heading",
                            "uid": "heading",
                            "field_metadata": {
                                "description": "",
                                "default_value": "",
                                "version": 3
                            },
                            "format": "",
                            "error_messages": {
                                "format": ""
                            },
                            "non_localizable": false,
                            "multiple": false,
                            "mandatory": false,
                            "unique": false
                        },
                        {
                            "data_type": "text",
                            "display_name": "description",
                            "uid": "description",
                            "field_metadata": {
                                "description": "",
                                "default_value": "",
                                "multiline": true,
                                "version": 3
                            },
                            "format": "",
                            "error_messages": {
                                "format": ""
                            },
                            "non_localizable": false,
                            "multiple": false,
                            "mandatory": false,
                            "unique": false
                        },
                        {
                            "data_type": "text",
                            "display_name": "date",
                            "uid": "date",
                            "field_metadata": {
                                "description": "",
                                "default_value": "",
                                "version": 3
                            },
                            "format": "",
                            "error_messages": {
                                "format": ""
                            },
                            "non_localizable": false,
                            "multiple": false,
                            "mandatory": false,
                            "unique": false
                        },
                        {
                            "data_type": "link",
                            "display_name": "CTA",
                            "uid": "cta",
                            "field_metadata": {
                                "description": "",
                                "default_value": {
                                    "title": "",
                                    "url": ""
                                }
                            },
                            "non_localizable": false,
                            "multiple": false,
                            "mandatory": false,
                            "unique": false
                        }
                    ]
                },
                {
                    "title": "Blog Page",
                    "uid": "blog_page",
                    "schema": [
                        {
                            "data_type": "file",
                            "display_name": "image",
                            "uid": "image",
                            "extensions": [],
                            "field_metadata": {
                                "description": "",
                                "rich_text_type": "standard"
                            },
                            "non_localizable": false,
                            "multiple": false,
                            "mandatory": false,
                            "unique": false
                        },
                        {
                            "data_type": "text",
                            "display_name": "heading",
                            "uid": "heading",
                            "field_metadata": {
                                "description": "",
                                "default_value": "",
                                "version": 3
                            },
                            "format": "",
                            "error_messages": {
                                "format": ""
                            },
                            "non_localizable": false,
                            "multiple": false,
                            "mandatory": false,
                            "unique": false
                        },
                        {
                            "data_type": "text",
                            "display_name": "description",
                            "uid": "description",
                            "field_metadata": {
                                "description": "",
                                "default_value": "",
                                "multiline": true,
                                "version": 3
                            },
                            "format": "",
                            "error_messages": {
                                "format": ""
                            },
                            "non_localizable": false,
                            "multiple": false,
                            "mandatory": false,
                            "unique": false
                        },
                        {
                            "data_type": "text",
                            "display_name": "date",
                            "uid": "date",
                            "field_metadata": {
                                "description": "",
                                "default_value": "",
                                "version": 3
                            },
                            "format": "",
                            "error_messages": {
                                "format": ""
                            },
                            "non_localizable": false,
                            "multiple": false,
                            "mandatory": false,
                            "unique": false
                        },
                        {
                            "data_type": "link",
                            "display_name": "CTA",
                            "uid": "cta",
                            "field_metadata": {
                                "description": "",
                                "default_value": {
                                    "title": "",
                                    "url": ""
                                }
                            },
                            "non_localizable": false,
                            "multiple": false,
                            "mandatory": false,
                            "unique": false
                        }
                    ]
                }
            ],
            "multiple": true,
            "uid": "modular_blocks",
            "field_metadata": {},
            "mandatory": false,
            "unique": false,
            "non_localizable": false
        }
    ],
    "last_activity": {},
    "maintain_revisions": true,
    "description": "This is for new AMP",
    "DEFAULT_ACL": [
        {
            "k": "others",
            "v": {
                "read": false,
                "create": false
            }
        },
        {
            "k": "users.blt8689ebb6d4501435",
            "v": {
                "read": true,
                "sub_acl": {
                    "read": true
                }
            }
        }
    ],
    "SYS_ACL": {
        "roles": [
            {
                "read": true,
                "sub_acl": {
                    "read": true,
                    "create": true,
                    "update": true,
                    "publish": true,
                    "delete": true
                },
                "uid": "blt9aff03d5a4a38819"
            }
        ]
    },
    "options": {
        "is_page": true,
        "singleton": false,
        "title": "title",
        "sub_title": [],
        "url_pattern": "/:title",
        "url_prefix": "/"
    },
    "abilities": {
        "get_one_object": true,
        "get_all_objects": true,
        "create_object": true,
        "update_object": true,
        "delete_object": true,
        "delete_all_objects": true
    }
}