{"created_at":"2020-07-30T06:35:11.464Z","updated_at":"2020-07-30T06:35:26.423Z","title":"Blog page heading","uid":"blog_page_heading","_version":2,"inbuilt_class":false,"schema":[{"display_name":"Title","uid":"title","data_type":"text","mandatory":true,"unique":true,"field_metadata":{"_default":true,"version":3},"multiple":false,"non_localizable":false},{"display_name":"URL","uid":"url","data_type":"text","mandatory":true,"field_metadata":{"_default":true,"version":3},"multiple":false,"unique":false,"non_localizable":false},{"data_type":"text","display_name":"Blog page heading","uid":"blog_page_heading","field_metadata":{"description":"","default_value":"","version":3},"format":"","error_messages":{"format":""},"multiple":false,"mandatory":false,"unique":false,"non_localizable":false}],"last_activity":{},"maintain_revisions":true,"description":"This is for AMP guide","DEFAULT_ACL":[{"k":"others","v":{"read":false,"create":false}},{"k":"users.blt8689ebb6d4501435","v":{"read":true,"sub_acl":{"read":true}}}],"SYS_ACL":{"roles":[{"read":true,"sub_acl":{"read":true,"create":true,"update":true,"publish":true,"delete":true},"uid":"blt9aff03d5a4a38819"}]},"options":{"is_page":true,"singleton":true,"title":"title","sub_title":[]},"abilities":{"get_one_object":true,"get_all_objects":true,"create_object":true,"update_object":true,"delete_object":true,"delete_all_objects":true}}