{"created_at":"2020-02-05T09:55:29.126Z","updated_at":"2020-02-27T06:04:06.162Z","title":"Express Header","uid":"express_header","_version":2,"inbuilt_class":false,"schema":[{"display_name":"Title","uid":"title","data_type":"text","field_metadata":{"_default":true,"version":3},"unique":true,"mandatory":true,"multiple":false,"non_localizable":false},{"data_type":"group","display_name":"Logo","field_metadata":{"ref_multiple":false},"uid":"logo","mandatory":false,"multiple":false,"unique":false,"schema":[{"display_name":"Color Image","uid":"color_image","data_type":"file","field_metadata":{"image":true,"ref_multiple":false,"rich_text_type":"standard","description":""},"mandatory":true,"multiple":false,"unique":false,"non_localizable":false,"dimension":{"width":{"min":null,"max":null},"height":{"min":null,"max":null}}},{"data_type":"link","display_name":"Link","uid":"link","field_metadata":{"description":"","default_value":""},"unique":false,"mandatory":true,"multiple":false,"non_localizable":false}],"non_localizable":false},{"data_type":"group","display_name":"Navigation Section","field_metadata":{"ref_multiple":false},"uid":"navigation_section","mandatory":false,"multiple":false,"unique":false,"schema":[{"data_type":"group","display_name":"Navigation Bar","field_metadata":{"ref_multiple":false},"uid":"navigation_bar","mandatory":false,"multiple":true,"unique":false,"schema":[{"display_name":"Title","uid":"title","data_type":"text","field_metadata":{"_default":true,"version":3},"unique":false,"mandatory":false,"multiple":false,"non_localizable":false},{"data_type":"text","display_name":"Link","uid":"link","field_metadata":{"description":"","version":3,"default_value":""},"unique":false,"mandatory":true,"multiple":false,"non_localizable":false}],"non_localizable":false}],"non_localizable":false},{"display_name":"CTA","uid":"cta","data_type":"group","field_metadata":{"ref_multiple":false,"rich_text_type":"standard","description":""},"mandatory":false,"multiple":true,"unique":false,"schema":[{"display_name":"Title","uid":"title","data_type":"text","field_metadata":{"_default":true,"version":3},"unique":false,"mandatory":false,"multiple":false,"non_localizable":false},{"display_name":"Link","uid":"link","data_type":"text","field_metadata":{"ref_multiple":false,"rich_text_type":"standard","description":"","version":3,"default_value":""},"unique":false,"mandatory":false,"multiple":false,"non_localizable":false},{"display_name":"Open in New Tab","uid":"open_in_new_tab","data_type":"boolean","field_metadata":{"ref_multiple":false,"rich_text_type":"standard","description":"","default_value":""},"unique":false,"multiple":false,"mandatory":false,"non_localizable":false}],"non_localizable":false}],"last_activity":{"environments":[{"uid":"bltc3cbe21d010b825e","details":[{"locale":"en-us","time":"2020-03-05T15:55:30.626Z"}]},{"uid":"bltde782062802303f2","details":[{"locale":"en-us","time":"2020-01-23T09:32:20.813Z"}]}]},"maintain_revisions":true,"description":"this is for \"Documentation on how to structure frontend for header body footer\"","DEFAULT_ACL":[{"k":"others","v":{"read":false,"create":false}},{"k":"users.blt8689ebb6d4501435","v":{"read":true,"sub_acl":{"read":true}}}],"SYS_ACL":{"roles":[{"uid":"blt9aff03d5a4a38819","read":true,"sub_acl":{"read":true,"create":true,"update":true,"publish":true,"delete":true}}]},"options":{"singleton":true,"_version":1,"sub_title":[],"title":"title","is_page":false},"abilities":{"get_one_object":true,"get_all_objects":true,"create_object":true,"update_object":true,"delete_object":true,"delete_all_objects":true}}