{"created_at":"2020-08-05T14:07:49.883Z","updated_at":"2020-08-05T14:08:06.837Z","title":"Footer AMP","uid":"footer_amp","_version":2,"inbuilt_class":false,"schema":[{"display_name":"Title","uid":"title","data_type":"text","mandatory":true,"unique":true,"field_metadata":{"_default":true,"version":3},"multiple":false,"non_localizable":false},{"display_name":"URL","uid":"url","data_type":"text","mandatory":true,"field_metadata":{"_default":true,"version":3},"multiple":false,"unique":false,"non_localizable":false},{"data_type":"text","display_name":"Footer section","uid":"footer_section","field_metadata":{"description":"","default_value":"","version":3},"format":"","error_messages":{"format":""},"multiple":false,"mandatory":false,"unique":false,"non_localizable":false}],"last_activity":{},"maintain_revisions":true,"description":"this is for new footer amp","DEFAULT_ACL":[{"k":"others","v":{"read":false,"create":false}},{"k":"users.blt8689ebb6d4501435","v":{"read":true,"sub_acl":{"read":true}}}],"SYS_ACL":{"roles":[{"read":true,"sub_acl":{"read":true,"create":true,"update":true,"publish":true,"delete":true},"uid":"blt9aff03d5a4a38819"}]},"options":{"is_page":true,"singleton":true,"title":"title","sub_title":[]},"abilities":{"get_one_object":true,"get_all_objects":true,"create_object":true,"update_object":true,"delete_object":true,"delete_all_objects":true}}