{
    "created_at": "2020-08-05T13:44:02.278Z",
    "updated_at": "2020-08-06T09:48:31.147Z",
    "title": "Header",
    "uid": "header",
    "_version": 3,
    "inbuilt_class": false,
    "schema": [
        {
            "display_name": "Title",
            "uid": "title",
            "data_type": "text",
            "mandatory": true,
            "unique": true,
            "field_metadata": {
                "_default": true,
                "version": 3
            },
            "multiple": false,
            "non_localizable": false
        },
        {
            "display_name": "URL",
            "uid": "url",
            "data_type": "text",
            "mandatory": true,
            "field_metadata": {
                "_default": true,
                "version": 3
            },
            "multiple": false,
            "unique": false,
            "non_localizable": false
        },
        {
            "data_type": "group",
            "display_name": "Brand name",
            "field_metadata": {},
            "schema": [
                {
                    "data_type": "file",
                    "display_name": "logo",
                    "uid": "logo",
                    "extensions": [],
                    "field_metadata": {
                        "description": "",
                        "rich_text_type": "standard"
                    },
                    "multiple": false,
                    "mandatory": false,
                    "unique": false,
                    "non_localizable": false
                },
                {
                    "data_type": "text",
                    "display_name": "title",
                    "uid": "title",
                    "field_metadata": {
                        "description": "",
                        "default_value": "",
                        "version": 3
                    },
                    "format": "",
                    "error_messages": {
                        "format": ""
                    },
                    "multiple": false,
                    "mandatory": false,
                    "unique": false,
                    "non_localizable": false
                },
                {
                    "data_type": "text",
                    "display_name": "link",
                    "uid": "link",
                    "field_metadata": {
                        "description": "",
                        "default_value": "",
                        "version": 3
                    },
                    "format": "",
                    "error_messages": {
                        "format": ""
                    },
                    "multiple": false,
                    "mandatory": false,
                    "unique": false,
                    "non_localizable": false
                }
            ],
            "uid": "brand_name",
            "multiple": false,
            "mandatory": false,
            "unique": false,
            "non_localizable": false
        },
        {
            "data_type": "group",
            "display_name": "Navigation group",
            "field_metadata": {},
            "schema": [
                {
                    "data_type": "group",
                    "display_name": "Navigation Option",
                    "field_metadata": {},
                    "schema": [
                        {
                            "data_type": "text",
                            "display_name": "title",
                            "uid": "title",
                            "field_metadata": {
                                "description": "",
                                "default_value": "",
                                "version": 3
                            },
                            "format": "",
                            "error_messages": {
                                "format": ""
                            },
                            "multiple": false,
                            "mandatory": false,
                            "unique": false,
                            "non_localizable": false
                        },
                        {
                            "data_type": "text",
                            "display_name": "link",
                            "uid": "link",
                            "field_metadata": {
                                "description": "",
                                "default_value": "",
                                "version": 3
                            },
                            "format": "",
                            "error_messages": {
                                "format": ""
                            },
                            "multiple": false,
                            "mandatory": false,
                            "unique": false,
                            "non_localizable": false
                        }
                    ],
                    "uid": "navigation_option",
                    "multiple": true,
                    "mandatory": false,
                    "unique": false,
                    "non_localizable": false
                }
            ],
            "uid": "navigation_group",
            "multiple": false,
            "mandatory": false,
            "unique": false,
            "non_localizable": false
        }
    ],
    "last_activity": {},
    "maintain_revisions": true,
    "description": "This is for new AMP website",
    "DEFAULT_ACL": [
        {
            "k": "others",
            "v": {
                "read": false,
                "create": false
            }
        },
        {
            "k": "users.blt8689ebb6d4501435",
            "v": {
                "read": true,
                "sub_acl": {
                    "read": true
                }
            }
        }
    ],
    "SYS_ACL": {
        "roles": [
            {
                "read": true,
                "sub_acl": {
                    "read": true,
                    "create": true,
                    "update": true,
                    "publish": true,
                    "delete": true
                },
                "uid": "blt9aff03d5a4a38819"
            }
        ]
    },
    "options": {
        "is_page": true,
        "singleton": true,
        "title": "title",
        "sub_title": []
    },
    "abilities": {
        "get_one_object": true,
        "get_all_objects": true,
        "create_object": true,
        "update_object": true,
        "delete_object": true,
        "delete_all_objects": true
    }
}