{
    "created_at": "2020-08-05T14:04:22.039Z",
    "updated_at": "2020-08-10T12:29:53.663Z",
    "title": "Home",
    "uid": "home",
    "_version": 3,
    "inbuilt_class": false,
    "schema": [
        {
            "display_name": "Title",
            "uid": "title",
            "data_type": "text",
            "mandatory": true,
            "unique": true,
            "field_metadata": {
                "_default": true,
                "version": 3
            },
            "multiple": false,
            "non_localizable": false
        },
        {
            "display_name": "URL",
            "uid": "url",
            "data_type": "text",
            "mandatory": true,
            "field_metadata": {
                "_default": true,
                "version": 3
            },
            "multiple": false,
            "unique": false,
            "non_localizable": false
        },
        {
            "data_type": "group",
            "display_name": "Hero banner",
            "field_metadata": {},
            "schema": [
                {
                    "data_type": "file",
                    "display_name": "banner image",
                    "uid": "banner_image",
                    "extensions": [],
                    "field_metadata": {
                        "description": "",
                        "rich_text_type": "standard"
                    },
                    "multiple": false,
                    "mandatory": false,
                    "unique": false,
                    "non_localizable": false
                },
                {
                    "data_type": "text",
                    "display_name": "title",
                    "uid": "title",
                    "field_metadata": {
                        "description": "",
                        "default_value": "",
                        "version": 3
                    },
                    "format": "",
                    "error_messages": {
                        "format": ""
                    },
                    "multiple": false,
                    "mandatory": false,
                    "unique": false,
                    "non_localizable": false
                }
            ],
            "uid": "hero_banner",
            "multiple": false,
            "mandatory": false,
            "unique": false,
            "non_localizable": false
        },
        {
            "data_type": "group",
            "display_name": "Introduction section",
            "field_metadata": {},
            "schema": [
                {
                    "data_type": "text",
                    "display_name": "title",
                    "uid": "title",
                    "field_metadata": {
                        "description": "",
                        "default_value": "",
                        "version": 3
                    },
                    "format": "",
                    "error_messages": {
                        "format": ""
                    },
                    "multiple": false,
                    "mandatory": false,
                    "unique": false,
                    "non_localizable": false
                },
                {
                    "data_type": "text",
                    "display_name": "description",
                    "uid": "description",
                    "field_metadata": {
                        "description": "",
                        "default_value": "",
                        "multiline": true,
                        "version": 3
                    },
                    "format": "",
                    "error_messages": {
                        "format": ""
                    },
                    "multiple": false,
                    "mandatory": false,
                    "unique": false,
                    "non_localizable": false
                },
                {
                    "data_type": "text",
                    "display_name": "videoId",
                    "uid": "videoid",
                    "field_metadata": {
                        "description": "",
                        "default_value": "",
                        "version": 3
                    },
                    "format": "",
                    "error_messages": {
                        "format": ""
                    },
                    "multiple": false,
                    "mandatory": false,
                    "unique": false,
                    "non_localizable": false
                }
            ],
            "uid": "introduction_section",
            "multiple": false,
            "mandatory": false,
            "unique": false,
            "non_localizable": false
        }
    ],
    "last_activity": {},
    "maintain_revisions": true,
    "description": "this is for new AMP theme",
    "DEFAULT_ACL": [
        {
            "k": "others",
            "v": {
                "read": false,
                "create": false
            }
        },
        {
            "k": "users.blt8689ebb6d4501435",
            "v": {
                "read": true,
                "sub_acl": {
                    "read": true
                }
            }
        }
    ],
    "SYS_ACL": {
        "roles": [
            {
                "read": true,
                "sub_acl": {
                    "read": true,
                    "create": true,
                    "update": true,
                    "publish": true,
                    "delete": true
                },
                "uid": "blt9aff03d5a4a38819"
            }
        ]
    },
    "options": {
        "is_page": true,
        "singleton": true,
        "title": "title",
        "sub_title": []
    },
    "abilities": {
        "get_one_object": true,
        "get_all_objects": true,
        "create_object": true,
        "update_object": true,
        "delete_object": true,
        "delete_all_objects": true
    }
}